clusterName,NSForest_markers,f_score
Micro/PVM_1,['APBB1IP'],0.967712546918844
Oligo_1,"['CERCAM', 'ST18', 'C10orf90', 'DOCK1']",0.0051721423913287
Oligo_3,"['EMC10', 'ENSG00000253807', 'MOBP']",0.2127659574468085
Oligo_4,['PLP1'],0.9346574838147744
Oligo_2,"['MBOAT1', 'LINC00609', 'CDK18']",0.5283788021323299
Astro_1,"['COL5A3', 'OBI1-AS1']",0.8747870174126252
VLMC_2,"['SLC19A1', 'SLC6A12']",0.8314732142857143
VLMC_1,"['TAGLN', 'ACTA2']",0.8303886925795053
Endo_1,"['GNG11', 'CLEC3B', 'HIGD1B']",0.6325301204819277
Endo_2,['ENSG00000180229'],0.8549834671705243
OPC_1,"['PDGFRA', 'BCAN']",0.8386556144403678
Astro_5,"['TNC', 'AQP1']",0.6806475349521707
Astro_2,"['CFAP47', 'WDR49']",0.4929577464788732
Astro_4,"['PPP1R3C', 'ID1', 'GLI3', 'ETNPPL']",0.3128031037827352
Astro_3,"['AGT', 'VIM', 'AQP4', 'APOE', 'GLUL']",0.2777777777777778
Lamp5 Lhx6_1,"['CA8', 'PDGFD']",0.8239196360879454
Lamp5_2,"['EYA4', 'PBX3']",0.5677743246473823
Lamp5_4,"['ROR2', 'TRPC3']",0.6221061379555978
Lamp5_1,"['ADAMTS20', 'TRPC3']",0.4880228816589202
Lamp5_7,"['LAMP5', 'CBLN4', 'KIT']",0.1940491591203104
Pax6_1,"['IGFBP7', 'ARHGAP6', 'FREM1']",0.7249596122778675
Pax6_3,"['MDGA1', 'PBX3', 'SULF2']",0.5311614730878187
Sncg_7,"['HTR3A', 'SYT9', 'MCTP2']",0.5911111111111111
Sncg_4,"['LINC01539', 'DCN']",0.5579652996845426
Sncg_1,"['TAFA4', 'UNC5B', 'MEGF11']",0.5824175824175825
Sncg_2,"['FOXO1', 'CA10', 'PRELID2', 'IL1RAPL2']",0.6452955870108243
Sncg_3,"['TAFA4', 'SYT10', 'VAV3']",0.4134720700985761
Sncg_6,"['SEMA3C', 'ADAMTSL1', 'THSD7B', 'SDK2']",0.3545816733067729
Sncg_8,"['NDST4', 'GABRG1', 'HTR2C']",0.2964959568733153
Sncg_5,"['COL5A2', 'SEMA3C', 'LINC00299']",0.5353176366059529
Lamp5_3,"['CA2', 'CPLX3', 'KIT']",0.4486692015209125
Lamp5_6,"['NDNF', 'TRPC3', 'KIT']",0.5242890995260664
Lamp5_5,"['NDNF', 'LAMP5']",0.7042564953012714
Pax6_4,"['SCGN', 'TLL1', 'EYA4']",0.7066761363636364
Pax6_2,"['TGFBR2', 'RELN']",0.8137432188065099
Vip_26,"['LINC01630', 'SEMA3C', 'HPSE2', 'TAC3']",0.4574468085106383
Vip_5,"['HYCC1', 'MEGF11', 'IQGAP2']",0.513152220784821
Vip_28,"['LGR5', 'BACE2', 'STK32B', 'DCN']",0.2834008097165992
Vip_16,"['NDST4', 'HTR2C', 'PTN', 'SEMA3C']",0.4110012360939431
Vip_19,"['SLC22A3', 'HTR2C', 'GULP1']",0.5608519269776876
Vip_21,"['ROR2', 'BCHE', 'NPNT']",0.6330275229357798
Vip_17,"['PENK', 'PARD3B']",0.5178100263852242
Vip_27,"['DDR2', 'DACH2', 'CHRNA7', 'FBN2']",0.4269293924466338
Vip_7,"['PTGFR', 'CCN2', 'HPSE2']",0.40828173374613
Vip_8,"['ARHGAP15', 'DACH2']",0.363919937613725
Vip_1,"['FLT1', 'KMO']",0.557075439436427
Vip_23,"['COL9A1', 'NPR3', 'PCDH18']",0.4997836434443963
Vip_12,"['SLC7A11', 'HCRTR2', 'EPS8', 'KIT']",0.4353562005277044
Vip_9,"['SLC7A11', 'COBLL1', 'KCNG2']",0.5999235766144441
Vip_2,"['IGFBP5', 'TAC3', 'CCNG2']",0.3842662632375189
Vip_4,"['VCAN', 'LINC00299', 'PCP4']",0.6047144152311876
Vip_18,"['NDST4', 'CRH', 'VIP']",0.3553866785873938
Vip_3,"['PPP1R1C', 'HPSE2', 'TRPC6']",0.4597096570586997
Vip_22,"['LOXHD1', 'SOCS2', 'TAC3', 'CHRNA2']",0.1515151515151515
Vip_20,"['HS3ST3A1', 'VIPR2', 'PPP1R1C', 'TAC3']",0.3088067098741898
Vip_13,"['ST18', 'VWDE', 'PTHLH', 'SHISA8']",0.2818302387267904
Vip_14,"['ST18', 'VWDE', 'KCNH8', 'CA10']",0.4431664411366712
Vip_11,"['ABI3BP', 'SLC22A3', 'IQGAP2']",0.5304262935242434
Vip_10,"['ABI3BP', 'PARD3B', 'KCNG2', 'NTNG1']",0.4818059299191374
Vip_6,"['IQGAP2', 'PARD3B', 'NTNG1', 'MCUB']",0.5243261012491782
Vip_24,"['LYPD1', 'ENHO', 'PPP1R1C', 'KCNF1']",0.2410714285714285
Vip_15,"['SVIL', 'VIP']",0.4989561586638831
Vip_25,"['IQGAP2', 'CBLN4']",0.5406021897810219
Vip_29,"['NOX4', 'IQGAP2', 'TAC1', 'MYO5B']",0.3191489361702128
Sst Chodl_1,['NPY'],0.8907045271899277
Sst_35,"['ACVR1C', 'EYA2', 'TAC1']",0.3460410557184751
Sst_17,"['PROM1', 'EYA2', 'TAC1']",0.3725863475659505
Sst_21,"['FBN2', 'ADAMTSL1']",0.3851091142490372
Sst_30,"['PENK', 'NOTCH2', 'HTR2C']",0.5059282117914569
Sst_26,"['FBN2', 'ARHGAP6', 'ADAMTSL1']",0.1478382147838214
Sst_12,"['CRYBG3', 'COL6A1', 'SLC24A4']",0.2283907238229093
Sst_5,"['NPY', 'ADAMTS12', 'STK32B']",0.2898550724637681
Sst_32,"['HPGD', 'PENK', 'EYA2', 'STK32B', 'NOTCH2']",0.2494692144373673
Sst_25,"['PENK', 'STK32B', 'EYA4']",0.6335715665443307
Sst_33,"['CALB1', 'BMP6', 'HTR2C']",0.3222150259067357
Sst_4,"['SCARA5', 'RSPO3', 'PIEZO2', 'KLHL13']",0.3169014084507042
Sst_10,"['MME', 'NMU', 'HPSE2']",0.2922990444069702
Sst_14,"['DDR2', 'DPP4', 'PIEZO2', 'MYRFL', 'NOS1']",0.238095238095238
Sst_7,"['PIEZO2', 'HPSE2', 'EYS']",0.4312354312354312
Sst_6,"['MMAA', 'PRDM1', 'RSPO3', 'HAPLN4']",0.6666666666666666
Sst_18,"['QRFPR', 'PNOC', 'RELN', 'VAT1L']",0.2631578947368421
Sst_27,"['EDNRA', 'FREM1', 'MT-ND5', 'EFHD2']",0.28035413153457
Sst_22,"['TRPC6', 'FREM1']",0.5626780626780626
Sst_15,"['MYRFL', 'PAPSS2', 'ZBBX', 'ARHGAP10', 'RNF144B']",0.1384083044982699
Sst_2,"['HPGD', 'RGS5']",0.4348302300109529
Sst_37,"['SCARA5', 'ADGRG6', 'CRHBP']",0.351373182552504
Sst_11,"['PROM1', 'ADGRG6', 'ROR1']",0.500814332247557
Sst_8,"['STK32A', 'RELN']",0.5373530255233725
Sst_9,"['EDNRA', 'ARHGAP6', 'FREM1', 'FBXL7']",0.3264331210191082
Sst_29,"['QRFPR', 'PIEZO2', 'EDNRA']",0.363905325443787
Pvalb_5,"['KCNK13', 'HGF', 'COBLL1']",0.4755798394290811
Pvalb_3,"['SYT10', 'ANOS1', 'ANGPT1', 'NWD2']",0.449013848090642
Sst_31,"['CALB1', 'CBLN4', 'RGS5']",0.2922077922077922
Sst_24,"['NEDD4', 'BMP6', 'TAC1']",0.3190967108492881
Pvalb_7,"['HOMER3', 'NOX4', 'PVALB', 'LTBP1']",0.3257328990228013
Sst_3,"['TCF7L1', 'ONECUT2', 'HCRTR2']",0.5263157894736842
Sst_16,"['NPFFR2', 'LINC01630', 'VAV3']",0.4500381388253242
Sst_36,"['ITGA1', 'PARD3B', 'FBN2', 'GPC5']",0.4845360824742268
Pvalb_2,"['MYBPC1', 'BCHE', 'SEMA3C']",0.6758803483528967
Pvalb_1,"['MYBPC1', 'CREB5', 'GPR149']",0.5956747186037689
Sst_1,"['NDST4', 'VCAN', 'TRPC6']",0.5797803617571059
Sst_19,"['TH', 'EPB41L4A']",0.6499556344276841
Sst_13,"['SPON1', 'FBN2']",0.5101034992607195
Sst_28,"['PROM1', 'NDST4', 'ST8SIA4']",0.5599415204678363
Sst_23,"['HCRTR2', 'SPON1', 'FBN2']",0.4086845466155811
L6 IT Car3_2,"['SMYD1', 'NTNG2']",0.862540305621758
L6 IT Car3_1,"['PPP1R1A', 'SMYD1', 'ISLR']",0.3246753246753247
L6 IT_1,"['SERPINF1', 'ISLR', 'PPP1R1A', 'TMEM233', 'THEMIS']",0.3395472703062583
L6 IT_2,"['TMEM233', 'ADAMTS3', 'THEMIS']",0.7055230033639113
L5 IT_1,"['CRISPLD2', 'CHST2', 'NPNT', 'FEZF2']",0.2902374670184696
L6b_6,"['VWA2', 'FHIP1A', 'SULF1']",0.6430401366353544
L6b_4,"['NPNT', 'FER1L6-AS2', 'RNF220']",0.6742857142857143
L6b_2,"['NPFFR2', 'SEMA3D']",0.8120067364527953
L6b_1,"['AOX1', 'SEMA3D', 'ERG', 'SV2C']",0.2165354330708661
L6b_5,"['NXPH4', 'SEMA3D', 'NR4A2', 'HPCAL1']",0.2562574493444577
L2/3 IT_4,"['FAP', 'SYT2', 'COL5A2']",0.5346642468239564
L2/3 IT_2,"['IGFBP2', 'SYT2', 'TESPA1']",0.1298701298701298
L2/3 IT_6,"['LINC00507', 'HPCAL1']",0.8036703630248235
L5 ET_3,"['ONECUT1', 'WNT6', 'BDKRB2']",0.6666666666666666
L5 ET_1,"['OR51E2', 'DDX60L']",0.6555407209612817
L5 IT_3,"['ARSJ', 'NEFM', 'HTR2A']",0.4704393834828617
L5 IT_4,"['RCSD1', 'XIST', 'LDLRAD3', 'SNCAIP']",0.099009900990099
L5 IT_2,"['TLL1', 'ARSJ', 'LRRK1']",0.7816773508108225
L4 IT_5,"['COL22A1', 'ENSG00000223812']",0.583100359445427
L5 IT_6,"['ARHGAP15', 'NPFFR2', 'COBLL1']",0.6344879447290501
L4 IT_1,"['SLC22A10', 'COBLL1']",0.5927432535502851
L2/3 IT_5,"['GPX3', 'VIPR2', 'SCRG1']",0.3305728088336784
L2/3 IT_1,"['PRSS12', 'VIPR2', 'LAMA2']",0.6508936519893173
L4 IT_3,"['TMEM215', 'MET', 'KCNH8']",0.5555555555555556
L2/3 IT_3,"['RREB1', 'BMPR1B', 'SYT2']",0.535385182454847
Pvalb_6,"['SULF1', 'RNF144B', 'MYO5B']",0.7372863791381682
Pvalb_4,"['MT-ND4L', 'RGS5', 'CRHBP']",0.4711501226281141
Pvalb_8,"['CA8', 'LBH', 'ZNF385D-AS2', 'SULF1']",0.2374936836786255
Pvalb_9,"['PVALB', 'KCNC3', 'SYT2', 'VAMP1']",0.2349869451697128
Chandelier_1,"['COL15A1', 'CA8']",0.8226685250886974
L5/6 NP_4,"['SPATA22', 'WNT5B', 'CLMN', 'MKX', 'HTR2C']",0.2272727272727272
L5 ET_2,"['ST8SIA2', 'CHST8', 'LRP2']",0.7399087876931455
L6 CT_3,"['SULF1', 'SEMA3E']",0.7719792117799913
L6 CT_2,"['NPY2R', 'SYT6', 'ITGA11', 'GASK1B']",0.273972602739726
L6 CT_1,"['LGR6', 'VWA2', 'SEMA3D']",0.4736842105263157
L6b_3,"['SCUBE1', 'KCNK13', 'CACNG5']",0.4268292682926829
L5/6 NP_2,"['PRELP', 'SLC17A6', 'NEFH']",0.2702702702702703
L5/6 NP_6,"['HCRTR2', 'NWD2', 'CDH6', 'GPC5']",0.487993803253292
L5/6 NP_3,"['ROBO3', 'PLPP3', 'HTR2C', 'KIT']",0.5676791506930109
L5/6 NP_5,"['LINC00607', 'C3orf52']",0.3420074349442379
L5/6 NP_1,"['NPSR1-AS1', 'QRFPR']",0.857092156630782
