CrossArea_cluster,mean,std,median,count,q1,q3,f_score
L5 ET_3,0.8292804089724902,0.03520802922229652,0.8338076624205034,7,0.8077143639513326,0.8543165514337057,0.6666666666666666
L6b_3,0.7814904825845006,0.09196405525610966,0.8169456904106525,96,0.778695093392387,0.8376784447924983,0.4268292682926829
Pax6_4,0.7179089980000478,0.20022763478539116,0.7889694660907127,512,0.7449851635869156,0.8041389303258035,0.7066761363636364
Sst Chodl_1,0.6904593581065893,0.33540289397269657,0.7692530643659459,761,0.7499500380989909,0.7817604054605827,0.8907045271899277
L6 IT Car3_1,0.6940201586758025,0.12691108935715545,0.757650403226858,127,0.6282573410552781,0.7816194662281113,0.3246753246753247
Oligo_1,0.713431987851676,0.1327564798553477,0.7557186471922044,81,0.6745955461029899,0.7946066369345309,0.0051721423913287
Endo_1,0.7062452778588844,0.11561360919241272,0.7478443251096897,58,0.6942176466305332,0.7749118127357595,0.6325301204819277
L5/6 NP_2,0.5768771490647185,0.24347819687898994,0.6811783769909717,113,0.5576582421064735,0.7092331930057251,0.2702702702702703
Pax6_1,0.5533058416633954,0.30018915022808335,0.6770667411888458,972,0.5742880845490117,0.7109910555891474,0.7249596122778675
Pvalb_2,0.6295434590424953,0.12752181182669753,0.6761458603521374,1133,0.5836757870541895,0.7134922413442906,0.6758803483528967
Vip_12,0.60715031627768,0.20356472423709285,0.6721343495617538,485,0.5742627277727369,0.72259011778326,0.4353562005277044
L5/6 NP_6,0.6105366496194518,0.1797957890841685,0.662091439094918,507,0.5846692755334335,0.7010441711330001,0.487993803253292
Sst_19,0.5784485190311711,0.29540570326424637,0.6522475378970967,1042,0.6082334054678418,0.681510570992833,0.6499556344276841
VLMC_1,0.43381213094357696,0.34389476088526855,0.6199996278359887,87,0.30260771150704857,0.6707812211382622,0.8303886925795053
Oligo_3,0.5627371554315042,0.1931683976700878,0.616703346203041,179,0.5232423940754694,0.6745059890087316,0.2127659574468085
Pvalb_1,0.489636902216927,0.24680884014837223,0.5839945479197282,2655,0.44195957719184586,0.6448403449972588,0.5956747186037689
VLMC_2,0.47653061405130304,0.2858960993828341,0.5762560637120109,284,0.4379988636212413,0.6582013723358225,0.8314732142857143
L5/6 NP_4,0.46333680418090945,0.25575960185190544,0.5761758021823591,28,0.4611633348436851,0.6296462960101576,0.2272727272727272
Sst_36,0.4295372741981912,0.26000461444161277,0.5463915048595397,454,0.3684174739645263,0.5898031369653738,0.4845360824742268
L6b_5,0.4818901817126022,0.16050857757159406,0.533704490849041,191,0.38111985361405903,0.5951581083400934,0.2562574493444577
L5 ET_1,0.4275320010577998,0.26339809202860837,0.52956670616427,1581,0.4266760236856847,0.5722864768996052,0.6555407209612817
Endo_2,0.4145527637788805,0.31532323964195563,0.520263104248362,465,0.3964601476514817,0.6166832485828274,0.8549834671705243
Pax6_2,0.4765912118533711,0.1761264812541032,0.5189655721442885,1582,0.41355115898548755,0.5929844427400199,0.8137432188065099
Vip_15,0.4058446119689795,0.2775381305553141,0.5155016375232752,723,0.3030244264304208,0.6061175954737259,0.4989561586638831
Vip_21,0.45050634007040297,0.20638851047213133,0.5120298056483847,530,0.4155896149181707,0.5752097800322243,0.6330275229357798
Lamp5_1,0.4196202939911986,0.23853517529421026,0.4905855304802109,1738,0.3049523959642003,0.6009312292335581,0.4880228816589202
L5 IT_1,0.3725161591316382,0.2355393630337298,0.4687206794694361,243,0.277374746701694,0.5443001383779428,0.2902374670184696
L6b_1,0.41015419382337504,0.18541069401365756,0.45557194346361707,100,0.31837831983180775,0.5456157981985167,0.2165354330708661
Sncg_8,0.38166665415333056,0.20962317489839216,0.4485395573384989,139,0.2592612469306532,0.5467923758246086,0.2964959568733153
L6 IT_1,0.3473067685244838,0.24568749800225015,0.4357427702024893,379,0.24439529055998224,0.5219826179284823,0.3395472703062583
Sst_3,0.3910887526674916,0.14808733604235857,0.4334040746791575,7,0.3465367840186798,0.4814680963922451,0.5263157894736842
Astro_5,0.34547880664428166,0.26774933232181003,0.42569777963901567,1142,0.2613918991560308,0.5440467744447544,0.6806475349521707
Vip_23,0.35335607390232915,0.2604613346745644,0.4229956108803517,1826,0.23806953425898947,0.5438300960700712,0.4997836434443963
L5/6 NP_5,0.3014799077212736,0.2680293460813172,0.4074152205993141,649,0.1596097567586839,0.4978238585866503,0.3420074349442379
Lamp5_6,0.34361799467101317,0.2077194722353879,0.3975854963921836,556,0.24278006208074937,0.5091489558368497,0.5242890995260664
Sst_2,0.2566644387644429,0.31798283838253744,0.3945705844303883,1393,0.1009614657634891,0.5026674398905165,0.4348302300109529
L6 IT Car3_2,0.29864211571083543,0.24595678252463238,0.38336782117675205,8408,0.22229598049930263,0.46439705086675254,0.862540305621758
Vip_27,0.2865658703952281,0.25422577526526274,0.3536138680104433,257,0.1465052156219677,0.4907283656537507,0.4269293924466338
Sst_6,0.29751966799224466,0.12112266738464052,0.3328184208049803,7,0.2694018046690547,0.3757171942151108,0.6666666666666666
Vip_19,0.22515859736112234,0.28525342253738517,0.327221788088287,1742,0.08337471872978985,0.4451234101904757,0.5608519269776876
Vip_7,0.22927090047913967,0.28165379266644713,0.3143638465752117,760,0.09240051653138902,0.45146792141786923,0.40828173374613
Sncg_1,0.24968198590820403,0.2160798750141016,0.2865724234564926,1523,0.1429374986558385,0.41684669971633614,0.5824175824175825
Vip_4,0.1795903395712903,0.2971554028122428,0.2786969728637897,2279,-0.01760338800931045,0.4310127888167553,0.6047144152311876
Pvalb_3,0.2171219574125376,0.21843319735204839,0.2702201399564902,819,0.08015334392946394,0.4025859474004577,0.449013848090642
Sst_33,0.2142910834223545,0.22273758466848473,0.26976453002182904,1760,0.07961086785561686,0.38599529952545253,0.3222150259067357
L6 CT_1,0.20105287351386536,0.2003163258679414,0.2653286570733327,841,0.1308721353921886,0.3511165206945117,0.4736842105263157
Lamp5_7,0.18117833238045788,0.28707839467165563,0.2649405429783626,285,0.0765082584805593,0.3749552654834558,0.1940491591203104
Pvalb_5,0.17800304627104832,0.27104023814193035,0.2642888611318222,3212,0.03483388012052488,0.3984982105284587,0.4755798394290811
Sst_5,0.19022585590135607,0.239849220515911,0.2637085356150421,260,0.056909915800574196,0.3748369566804396,0.2898550724637681
Sst_28,0.15146310891343112,0.3299765655818026,0.25983386507867134,1580,-0.05453867128910875,0.4173077047235755,0.5599415204678363
Vip_10,0.1264832747585014,0.3217427731949417,0.23947666240293386,792,-0.06952228226175793,0.39515904268685303,0.4818059299191374
L4 IT_1,0.12914824689882654,0.343771649843103,0.2272122463969153,9733,-0.016084851526676,0.3937013137809405,0.5927432535502851
Vip_8,0.05841923925954095,0.3986523107191947,0.2138897181792586,975,-0.24761763241675705,0.39199475599779565,0.363919937613725
Pvalb_7,0.15074945714429733,0.2648509233580006,0.2117222593267574,167,-0.0035581956274774,0.3664597575090065,0.3257328990228013
Sst_23,0.12680681402387514,0.25334492323943847,0.19195162116079478,666,-0.038137263279831475,0.3266491122594297,0.4086845466155811
Vip_20,0.1236358363706432,0.2670607781357744,0.1897939150780848,923,-0.0665207844212021,0.3488906038817302,0.3088067098741898
Astro_3,0.12391313792403766,0.21736332402905073,0.1837078615367749,256,-0.0314251918980026,0.2915335676274223,0.2777777777777778
Pvalb_8,0.10039747045558024,0.3079475071807608,0.1832509075563155,575,-0.10928405933140214,0.3702743717868614,0.2374936836786255
Astro_2,0.12064867560378861,0.22927899879971703,0.1695118217241165,994,-0.029963007049210275,0.30967505063136147,0.4929577464788732
Vip_26,0.05026913864105313,0.2826940207237304,0.1548055203783362,344,-0.11621440668131468,0.2597993301896697,0.4574468085106383
Sst_18,0.0686980724047015,0.28577445655235,0.15161630313701724,772,-0.11330779169520457,0.30329974888622274,0.2631578947368421
Lamp5_2,0.06363339937642212,0.27793312640820284,0.1279366919931165,1439,-0.1554582869994523,0.3047349459071451,0.5677743246473823
Sncg_7,-0.00473457987317347,0.3286604148342805,0.1256862026225698,549,-0.3340168927434248,0.3079616267223782,0.5911111111111111
Oligo_2,0.02358949575609992,0.3058951430310439,0.1251934750724589,1025,-0.2681672466689795,0.2954758706820881,0.5283788021323299
L2/3 IT_3,0.07040348218172209,0.24669544484576766,0.12123513791073665,5650,-0.14916683872485004,0.28922975629037995,0.535385182454847
Sncg_3,0.014797500935147445,0.3081254225158067,0.1138733247571847,942,-0.176530397856413,0.2589495514814937,0.4134720700985761
L5/6 NP_3,0.033733474112493854,0.2590680698575554,0.1135934384504279,1227,-0.0640556142156183,0.2318156072370699,0.5676791506930109
Sst_13,0.059052510477720505,0.29944105676557264,0.09917712495676945,1186,-0.15066661134013998,0.3296406824329475,0.5101034992607195
Lamp5_3,0.04429736612366588,0.26360193337289556,0.0986441968491787,937,-0.101756532838502,0.247601531298811,0.4486692015209125
Lamp5 Lhx6_1,-0.004584007635135403,0.36390791869651373,0.08924762943937205,8432,-0.29600919404850173,0.31788156322068434,0.8239196360879454
Sst_15,0.04436313725408891,0.26078255323305655,0.085111503645002,319,-0.1689992557396841,0.2836555873329738,0.1384083044982699
Vip_25,0.005709134634827435,0.3100809422825418,0.07459026809155406,2520,-0.25292957659426646,0.27724001602989,0.5406021897810219
Sst_17,0.06446368430147063,0.23210183507553472,0.0736191639249233,1221,-0.12852019053125,0.275501063487924,0.3725863475659505
L6b_4,-0.012359204689076775,0.3620902861792837,0.07016679699470615,1444,-0.31410875945571454,0.3188840354382634,0.6742857142857143
Sst_22,-0.020815525878407723,0.31718267711229514,0.04705360521241015,5548,-0.2715425880956938,0.2676135292614171,0.5626780626780626
Sst_32,-8.078973895835928e-05,0.26215404630374817,0.019081108725614603,426,-0.22539900217636774,0.2477253835415897,0.2494692144373673
Sst_8,-0.02938731504261375,0.3087132361504925,-0.0005677168760572,3608,-0.29777292577489045,0.24959848881080554,0.5373530255233725
Sst_31,-0.037368103823655054,0.22927181460010804,-0.0007253567206083999,554,-0.1772071030225137,0.15295095096253977,0.2922077922077922
Vip_2,-0.030058914239540577,0.3093734432070506,-0.0202335922558963,1289,-0.2783910156512729,0.2449551200306585,0.3842662632375189
Sst_37,-0.14886572390888686,0.2777412932577713,-0.0272023535251755,454,-0.2090490122022079,0.0420709242383008,0.351373182552504
Sst_21,-0.04928278712829876,0.20237149508443736,-0.0415742709564462,1105,-0.1802648261229683,0.124153640546988,0.3851091142490372
Lamp5_5,-0.062062208845930195,0.18246864257799114,-0.0419223696564882,2721,-0.1824524366783625,0.0739576998760924,0.7042564953012714
Sst_25,-0.07823610230421167,0.2895956357873014,-0.0453109855434441,1805,-0.3032149978327213,0.1773966206947338,0.6335715665443307
Sst_10,-0.10075181912240108,0.19895469658335319,-0.05714009574211665,1302,-0.1966466694757045,0.04152851926455613,0.2922990444069702
Astro_4,-0.08924310367965478,0.2789048017962004,-0.057230409060499254,610,-0.3481807389322292,0.16196040479212173,0.3128031037827352
L6b_6,-0.23282112960732596,0.32070604215010035,-0.0582138234487003,2151,-0.5523572894165212,0.014228389834188851,0.6430401366353544
Micro/PVM_1,-0.2016638336437982,0.2765464802896112,-0.0646143474588117,5773,-0.4125610680213324,0.0307442929496078,0.967712546918844
Sst_7,-0.1456574238319145,0.3342797967261623,-0.0700642653097818,1263,-0.34181272007709007,0.12011395867981994,0.4312354312354312
Vip_3,-0.0988868030534263,0.2971927942752736,-0.0743935609300932,1765,-0.356545035691881,0.1638625516752508,0.4597096570586997
Sncg_2,-0.12994987905178915,0.31481079189361955,-0.0757640109637884,983,-0.38252593751677333,0.15260549849598276,0.6452955870108243
Sncg_6,-0.0961211812185288,0.2707881183300367,-0.0859925486958655,591,-0.31923134945886444,0.1440085746980791,0.3545816733067729
Vip_14,-0.17819036478052858,0.3546095351753004,-0.09085421817747111,706,-0.563086870194498,0.15867625651114703,0.4431664411366712
L2/3 IT_1,-0.10170082475108301,0.18636944795764582,-0.1069600244002584,13133,-0.2220609820567482,0.0370563895346627,0.6508936519893173
Sst_9,-0.15241096204868188,0.30669645519662114,-0.11275772241228765,1192,-0.4440165195196619,0.14337829421602769,0.3264331210191082
Vip_11,-0.12686519335030783,0.25492989585659204,-0.1285577881354486,2811,-0.35085368421531615,0.10478750801008155,0.5304262935242434
Sst_26,-0.18058446517132243,0.24481466064521193,-0.1288875348984254,905,-0.3739752151597555,0.026898276942499,0.1478382147838214
Chandelier_1,-0.13175967363269922,0.275321495804062,-0.13270309202173997,5160,-0.36825218074782945,0.11070144383833691,0.8226685250886974
Sncg_4,-0.12785682183103567,0.22629985765706911,-0.14414627692626425,956,-0.3023945741917672,0.07947235232097713,0.5579652996845426
L2/3 IT_4,-0.17255958067183036,0.24629945710738294,-0.1598468842124278,5103,-0.35085674939874845,0.03565979231445585,0.5346642468239564
Sst_4,-0.23087730433639062,0.19208034563743218,-0.16813947615178404,394,-0.32267893444506807,-0.08953752188199955,0.3169014084507042
L5 IT_6,-0.15232751398192915,0.25436933125981387,-0.172321571644178,8413,-0.3531898301028276,0.0636779877215906,0.6344879447290501
Sst_30,-0.17832471406753908,0.1539377028760683,-0.1845070690934088,2689,-0.2961491529139877,-0.0594086276516497,0.5059282117914569
Vip_24,-0.2302660897374018,0.259685505315516,-0.2072705099583127,304,-0.45967075756467146,0.0026982671798888,0.2410714285714285
Sst_29,-0.21728477426966714,0.22242858830869072,-0.2123552472815646,726,-0.3880000015387528,-0.028036941341930174,0.363905325443787
Sst_14,-0.22263269291851345,0.13606742407212913,-0.2153790630762415,35,-0.31185740815188034,-0.1172834677595854,0.238095238095238
Sst_1,-0.2292789853671656,0.19152632960987545,-0.21835595257864734,2672,-0.3381334963973882,-0.1028430038875662,0.5797803617571059
L5 ET_2,-0.22850809912220024,0.27973905900118634,-0.225929354498146,5675,-0.46766455617937763,0.0364722406142456,0.7399087876931455
L5 IT_3,-0.20431229349188168,0.18736126462823793,-0.2261721698403632,4474,-0.3209555480458984,-0.075544717412952,0.4704393834828617
Vip_1,-0.23485742778064037,0.24708710090840588,-0.2318481909784166,4877,-0.3898731885173637,-0.0445975188723585,0.557075439436427
Vip_17,-0.24538774988307735,0.199349549861346,-0.2403049335713291,716,-0.40658768149282554,-0.05788595606376287,0.5178100263852242
OPC_1,-0.2310362668294176,0.2319222030497482,-0.254637122532358,7229,-0.4250355649671979,-0.0309147564350572,0.8386556144403678
Sst_11,-0.2616232774172668,0.2333647167558261,-0.2584054089851153,5808,-0.43647475605314556,-0.07576354710685948,0.500814332247557
Vip_5,-0.2544765080639031,0.17760502850242668,-0.26516435726911924,1634,-0.3792252968100832,-0.12134223212517603,0.513152220784821
Sst_24,-0.27604482767288463,0.16831477590913527,-0.2682037430152574,1021,-0.3824330523188538,-0.1527736221551111,0.3190967108492881
Sst_16,-0.3145003435662766,0.21735711696141763,-0.2789319517233716,1086,-0.3861770631449719,-0.17076602079788997,0.4500381388253242
Sst_35,-0.3139596259026303,0.20708371471592482,-0.2841399950563504,517,-0.3872058278212577,-0.1951721754686274,0.3460410557184751
Pvalb_9,-0.2757249478847054,0.22105902215121662,-0.2842082971471068,179,-0.39351305892322497,-0.1154131734220921,0.2349869451697128
Pax6_3,-0.42295392903714524,0.23833621009448702,-0.304631472988497,644,-0.5574333834040652,-0.23884422558246732,0.5311614730878187
Vip_28,-0.2192106374837376,0.243983411557875,-0.3092023052958491,175,-0.4149840549992646,-0.02239658677788385,0.2834008097165992
Vip_9,-0.33143455491217994,0.1594347329611355,-0.3151716882342599,1037,-0.4349436638181164,-0.2123999979589371,0.5999235766144441
L4 IT_3,-0.37656377260383145,0.28986608280915993,-0.33033052664439294,10,-0.469887637538471,-0.13905123716591833,0.5555555555555556
L6 IT_2,-0.340206154395849,0.24476039147951506,-0.3385215046523553,36385,-0.5368759898463809,-0.1579601056010547,0.7055230033639113
Sncg_5,-0.3125980120980169,0.19141510386887764,-0.35635050119958184,1778,-0.4262519875618821,-0.18333255945850904,0.5353176366059529
Vip_22,-0.37870078520725925,0.1783268640113231,-0.3581654731417389,25,-0.4213705574046103,-0.2282743304055239,0.1515151515151515
Vip_13,-0.32153068588127437,0.19732398584284028,-0.36189591122517356,600,-0.45539051859512186,-0.18507841724225232,0.2818302387267904
Sst_12,-0.3804317462563594,0.17196384111717186,-0.3874957234835654,982,-0.5230648892750945,-0.28226679250614767,0.2283907238229093
L4 IT_5,-0.40572322183530873,0.16153748482234231,-0.4120491543205202,13150,-0.5021339500185671,-0.27816635045975785,0.583100359445427
L5 IT_4,-0.37053842737095083,0.22084275298276765,-0.41298746075744364,54,-0.5046966345690982,-0.1807142519394438,0.099009900990099
Lamp5_4,-0.3978839291984086,0.18581674117590666,-0.4171370410341047,7097,-0.5346693748948493,-0.2548742471050941,0.6221061379555978
Vip_18,-0.45702137661595266,0.1694970297901377,-0.42627522528846246,1230,-0.5783067892626762,-0.3371353208262444,0.3553866785873938
Vip_6,-0.5146819391667999,0.1572370821824899,-0.47233585279888424,998,-0.6603036600884056,-0.3988757964879326,0.5243261012491782
L5 IT_2,-0.45480885258389137,0.22428767219472714,-0.4764364688035961,45327,-0.6439020381141722,-0.26955051492594345,0.7816773508108225
L6 CT_3,-0.43585504674855613,0.22697269199635722,-0.48507522203141673,16710,-0.6397571202155192,-0.248197469068082,0.7719792117799913
L2/3 IT_2,-0.5123359249273592,0.14864364723497697,-0.5113161875338753,69,-0.598567054638414,-0.4071069481721723,0.1298701298701298
L6 CT_2,-0.4853743082848248,0.18396274982893945,-0.5138443975749013,29,-0.6415477921676094,-0.3434684119949833,0.273972602739726
L6b_2,-0.4984769693084167,0.11612819430586294,-0.5169916704037717,9343,-0.5676614919776406,-0.4227248614088785,0.8120067364527953
Vip_29,-0.561263031081134,0.20266936459941506,-0.5211287609825872,46,-0.7999803981483905,-0.37952853582196894,0.3191489361702128
L2/3 IT_5,-0.5429002853117312,0.14957386616150747,-0.5354638367536122,2797,-0.592036252816956,-0.469269153508716,0.3305728088336784
Sst_27,-0.5375242871764232,0.09219476904048857,-0.5386353870223359,892,-0.6083521220556333,-0.48286741864264343,0.28035413153457
Oligo_4,-0.5562852488202154,0.1412231834798656,-0.554551061763079,21563,-0.6735889781264377,-0.44867322409392696,0.9346574838147744
L2/3 IT_6,-0.5295811999690254,0.20643306351473698,-0.5626796258852864,105133,-0.691196014867903,-0.4088101139230286,0.8036703630248235
L5/6 NP_1,-0.5521500622172267,0.1240873248684661,-0.574728967438112,9300,-0.6485322921503562,-0.46089038227340645,0.857092156630782
Astro_1,-0.5686375332836355,0.14699717189859549,-0.5874611271782929,10554,-0.6957921042047147,-0.4541785296552737,0.8747870174126252
Pvalb_6,-0.5716377417728719,0.1612923133135265,-0.5897815303255598,25774,-0.7076335106747347,-0.45577108661961585,0.7372863791381682
Pvalb_4,-0.6250671798348895,0.13045824212835563,-0.6233792968966684,4103,-0.7115406978421323,-0.5366751408407537,0.4711501226281141
Vip_16,-0.6524215096675999,0.1306378626373103,-0.6613913145748427,730,-0.779131987939528,-0.5472453740442693,0.4110012360939431
