clusterName,NSForest_markers,f_score,onTarget,precision,recall
T regulatory cell,"['ENSG00000049768', 'ENSG00000163599']",0.6066176470588235,1.0,0.9041095890410958,0.2619047619047619
CD4+ T cell,"['ENSG00000113263', 'ENSG00000167286']",0.5490513772016934,0.4128720760345459,0.6223341232227488,0.3732456919523894
Innate lymphoid cell,"['ENSG00000009790', 'ENSG00000174718', 'ENSG00000186810']",0.3846153846153846,1.0,0.6666666666666666,0.1428571428571428
CD8+ T cell,"['ENSG00000153563', 'ENSG00000105374', 'ENSG00000198851']",0.8400440790031364,0.4127858281135559,0.9483253588516748,0.5766656968286297
Natural killer cell,"['ENSG00000111796', 'ENSG00000115523']",0.8800762520940443,0.6869159936904907,0.9429057713136314,0.6948688711516534
Plasmacytoid DC,"['ENSG00000166428', 'ENSG00000132465']",0.7853810264385692,0.6965299844741821,0.9805825242718448,0.4372294372294372
B cell,['ENSG00000156738'],0.8504123458806239,1.0,0.91319596668128,0.6669868715978227
Plasma cell,['ENSG00000170476'],0.8287632904308898,0.6130610704421997,0.8727165586328816,0.6897997205402888
Pulmonary neuroendocrine cell,['ENSG00000134443'],0.9757575757575756,1.0,0.9749134948096886,0.9791485664639444
Ionocyte,"['ENSG00000176009', 'ENSG00000162399']",0.9365079365079364,1.0,1.0,0.7468354430379747
Deuterosomal cell,"['ENSG00000164287', 'ENSG00000165325']",0.8680555555555556,1.0,0.946969696969697,0.6510416666666666
Ciliated cell,"['ENSG00000188817', 'ENSG00000179902']",0.9479360028286042,0.6922394037246704,0.9895727599889268,0.811379284255126
Alveolar type 1 cell,"['ENSG00000182010', 'ENSG00000136155']",0.8753804657147807,1.0,0.989648901944328,0.5988150655945832
Mesothelial cell,"['ENSG00000179914', 'ENSG00000105825']",0.7228915662650602,1.0,1.0,0.3428571428571428
Alveolar fibroblast 2,"['ENSG00000167779', 'ENSG00000077942']",0.829669639492526,0.559550404548645,0.974188790560472,0.5206937327552227
Chondrocyte,['ENSG00000170891'],0.8823529411764706,1.0,1.0,0.6
Alveolar fibroblast 1,"['ENSG00000136546', 'ENSG00000077943']",0.7897548921391838,1.0,0.9559417946645108,0.4658262753594642
Secondary crest myofibroblast,"['ENSG00000106819', 'ENSG00000198542']",0.554520037278658,0.8467144966125488,0.6938775510204082,0.3074935400516795
Pericyte,"['ENSG00000131097', 'ENSG00000171303']",0.8678640153944837,1.0,0.986870897155361,0.5854608394634357
Airway smooth muscle cell,"['ENSG00000175084', 'ENSG00000114200']",0.6442021803766105,0.681763768196106,0.9923664122137404,0.268041237113402
Vascular smooth muscle cell,"['ENSG00000198523', 'ENSG00000189129']",0.795131845841785,0.4324470162391662,0.9767441860465116,0.455990694067468
Myoepithelial cell,"['ENSG00000104332', 'ENSG00000186847']",0.8222066057624736,1.0,0.9915254237288136,0.4885177453027139
Lymphatic endothelial cell,['ENSG00000137077'],0.9234907352062164,1.0,0.9395270270270272,0.8644700031084862
Systemic venous endothelial cell,"['ENSG00000130300', 'ENSG00000174059']",0.7073755581279974,0.8470534086227417,0.8851526125193999,0.3922512608895002
Venous endothelial cell,"['ENSG00000144837', 'ENSG00000112936']",0.7853839739216132,0.7688485980033875,0.9566020313942752,0.4576982549149547
Arterial endothelial cell,"['ENSG00000155011', 'ENSG00000265107']",0.8394102091513743,1.0,0.9762348555452004,0.5378690629011553
Capillary 1 cell,"['ENSG00000167434', 'ENSG00000142748']",0.8026220396326728,0.4587666988372803,0.8939105080183918,0.5698455819273663
Capillary 2 cell,"['ENSG00000136160', 'ENSG00000171243']",0.8513100638829738,1.0,0.9813233724653148,0.5564296520423601
Alveolar macrophage,"['ENSG00000183019', 'ENSG00000102575']",0.9559305629273472,0.8491700887680054,0.9771356927110048,0.8795785196889172
Interstitial macrophage,['ENSG00000124491'],0.59389885476842,0.3078566491603851,0.690223792697291,0.3811382113821138
Classical DC subset 2,"['ENSG00000132514', 'ENSG00000072694']",0.5657409416359297,1.0,0.6279349789283564,0.4052059052059052
Classical DC subset 1,"['ENSG00000197992', 'ENSG00000100079']",0.779976717112922,1.0,0.8933333333333333,0.5173745173745173
Mature DC subset,['ENSG00000102962'],0.6379498364231189,1.0,0.6842105263157895,0.5021459227467812
Neutrophil,['ENSG00000162747'],0.8227848101265823,1.0,0.8492462311557789,0.7316017316017316
Inflammatory monocyte,"['ENSG00000038427', 'ENSG00000143546']",0.8080836845502525,0.5035125017166138,0.979293684573795,0.475533459948609
Patrolling monocyte,"['ENSG00000028277', 'ENSG00000175489']",0.4487519915029209,1.0,0.5847750865051903,0.2324621733149931
Megakaryocyte/Platelet,"['ENSG00000163737', 'ENSG00000101162']",0.967741935483871,1.0,1.0,0.8571428571428571
Mast/Basophil,['ENSG00000163751'],0.9582937696296836,1.0,0.967551622418879,0.9229686950404502
Tuft cell,"['ENSG00000134986', 'ENSG00000137709', 'ENSG00000169435']",0.7589285714285714,1.0,0.9714285714285714,0.4047619047619047
Suprabasal cell,"['ENSG00000137975', 'ENSG00000206073']",0.7551362293212964,0.8267183899879456,0.7788576913846892,0.6731307684330603
Basal cell,"['ENSG00000171462', 'ENSG00000171346']",0.8843715935241633,0.5342003703117371,0.9408353913883818,0.7131694611753215
SMG Basal/Duct cell,"['ENSG00000164379', 'ENSG00000137673']",0.6433007985803016,0.8515415191650391,0.8950617283950617,0.302713987473904
Goblet cell,"['ENSG00000167653', 'ENSG00000263639']",0.7165677772706527,0.5446407198905945,0.7959442332065906,0.5122349102773246
Secretory cell,"['ENSG00000181458', 'ENSG00000134339']",0.6948451022199925,0.5970637798309326,0.8374905517762661,0.4132786273778441
Alveolar type 2 cell,"['ENSG00000131400', 'ENSG00000188906']",0.938751754596186,1.0,0.98635311045662,0.7868570198723007
Respiratory airway secretory cell,"['ENSG00000164265', 'ENSG00000168878']",0.8709885156166148,0.5037515163421631,0.8999168283892431,0.7717546362339515
Mucous cell,['ENSG00000078898'],0.9355194268393496,1.0,0.9339752407152684,0.941747572815534
Serous cell,"['ENSG00000167419', 'ENSG00000187908']",0.7703117015840573,0.8806217908859253,0.9877149877149876,0.4096467391304347
