CrossArea_cluster,mean_silhouette,std_silhouette,median_silhouette,count
Astro_1,-0.6015159886828237,0.12600030955053054,-0.6138430942618796,236
Astro_2,0.11936891439971743,0.2337331166107023,0.16901840918776193,271
Astro_3,0.14208035096889113,0.21654780771021598,0.19383890476513915,234
Astro_4,-0.06295369251528975,0.25354057956043674,-0.04011137708215598,242
Astro_5,0.3615901785771403,0.2621181397146391,0.4356598187927724,230
Chandelier_1,-0.1539211801029143,0.2636640914056294,-0.1590271745153762,278
Endo_1,0.7062452778588842,0.11561360919241277,0.7478443251096897,58
Endo_2,0.4375230479597359,0.32536610679148525,0.5429719811588134,284
L2/3 IT_1,-0.11506203269082231,0.18257374300913398,-0.12399045601288197,252
L2/3 IT_3,0.029928192934058736,0.22898534310994567,0.05729552792938708,500
L2/3 IT_4,-0.11016728889905358,0.2531283338252963,-0.08703612425706723,494
L2/3 IT_5,-0.5660990111475982,0.145298548246518,-0.5499047583481588,383
L2/3 IT_6,-0.5467428431075766,0.19265392703446865,-0.5819941491473257,266
L4 IT_1,0.06676636303647036,0.3675085885485591,0.19380412751203474,127
L4 IT_5,-0.40901590225101164,0.16266173143392731,-0.42690113793467277,340
L5 ET_1,0.40824471960873787,0.25217733226745936,0.5087551312108591,491
L5 ET_2,-0.24979453180713695,0.279559442683549,-0.2900148338198524,424
L5 ET_3,0.8260737000745705,0.03592996753821792,0.8310196142310973,7
L5 IT_1,0.37635974369876,0.23444923346181315,0.46656935291869456,122
L5 IT_2,-0.47007661723238636,0.2271192380062559,-0.5196125373022731,255
L5 IT_3,-0.2416925928095094,0.18215600094585144,-0.2676993805051512,170
L5 IT_6,-0.16024776888220776,0.2550803790512698,-0.20429790171567214,164
L5/6 NP_1,-0.5660734375237263,0.1155271190614344,-0.5920486707899393,266
L5/6 NP_2,0.5762812802649512,0.2456429068878066,0.6793912630650804,113
L5/6 NP_3,0.033195615968362735,0.26570326589405485,0.10224402341873391,384
L5/6 NP_4,0.46175049251235784,0.24372835340215718,0.568794555879082,21
L5/6 NP_5,0.26165306785545356,0.2802907238813102,0.38198113114127974,227
L5/6 NP_6,0.6163562109408237,0.18032148270349097,0.6686518188414119,498
L6 CT_1,0.1928509786349574,0.20442124754859636,0.2520913345958724,289
L6 CT_3,-0.43188486808740945,0.20896054942053843,-0.4339322596772346,328
L6 IT Car3_1,0.6815906491521296,0.14418364872476222,0.7451947124628948,68
L6 IT Car3_2,0.3324844162276441,0.2548724979412528,0.4345209856586207,156
L6 IT_1,0.4560997004685624,0.22199566814747793,0.5490012155766572,53
L6 IT_2,-0.33689642971571215,0.24695836676582358,-0.32956412912425337,301
L6b_1,0.3677748446828471,0.2259462732208785,0.43414500701204295,34
L6b_2,-0.5078441356785581,0.1042935507357545,-0.5170670639523558,308
L6b_3,0.7706371771434537,0.09646338458272173,0.812896912319044,61
L6b_4,-0.022249246053000882,0.36018465651589526,0.03001754636531705,255
L6b_5,0.47670610457703533,0.15899523289631415,0.5305451053958183,191
L6b_6,-0.19718849664639762,0.3168539948877631,-0.020656086915614782,301
Lamp5 Lhx6_1,-0.045522366090776235,0.36154144706139263,0.04031057127957429,270
Lamp5_1,0.37640095663453665,0.24244336671372382,0.4413218812536115,339
Lamp5_2,0.06209771901955537,0.26702920208130687,0.12019750316550681,343
Lamp5_3,0.06705534906522327,0.2574619862307779,0.10702719572704418,231
Lamp5_4,-0.3695594415856633,0.2072867391849881,-0.38440966414084565,259
Lamp5_5,-0.08567972812235117,0.18193895643361432,-0.05507992792790118,270
Lamp5_6,0.33429438117688803,0.21937815946946473,0.39602385431755316,288
Lamp5_7,0.17864310000185768,0.28837906279656034,0.2604415316839733,276
Micro/PVM_1,-0.19433671326475488,0.24897865962184795,-0.06581775845072653,232
OPC_1,-0.1988917503133347,0.24047667044686352,-0.2140924378731726,228
Oligo_1,0.7265430217286807,0.13881761190607944,0.7775695025264584,81
Oligo_2,0.014090504222412535,0.3040595511072419,0.11481408299306767,268
Oligo_3,0.5633388761836108,0.19257835430716863,0.616703346203041,179
Oligo_4,-0.5818891106219336,0.13595249413587523,-0.5821281500162847,229
Pax6_1,0.5297847152632338,0.305436603949999,0.6624796157253672,347
Pax6_2,0.48765966221566975,0.1838782988396523,0.5424400689705878,290
Pax6_3,-0.4344501722899244,0.23449790661716552,-0.31181984621074554,330
Pax6_4,0.730515721485778,0.18436826580348442,0.7933048878077529,290
Pvalb_1,0.4593154275153949,0.2705811847801933,0.5800039429446789,243
Pvalb_2,0.6369675533498341,0.12437813850837308,0.6816298648387279,294
Pvalb_3,0.21651563644065444,0.195425602140201,0.24760909204331544,205
Pvalb_4,-0.6246863820927439,0.1317915000347554,-0.6184176603256081,286
Pvalb_5,0.13384830425891073,0.2737631839375212,0.21182776155179478,293
Pvalb_6,-0.563649501501947,0.16007485155111362,-0.5844197493592291,272
Pvalb_7,0.21397887695214532,0.22805366247478848,0.2717537057006823,13
Pvalb_8,0.10799898030765603,0.3144636516707598,0.21067157486507768,271
Pvalb_9,-0.2736864929297237,0.24414175924976553,-0.26727864723172595,103
Sncg_1,0.28389931318128275,0.20362285538964728,0.31910616103430955,234
Sncg_2,-0.1306530412297984,0.3176687048477404,-0.0650251451846476,265
Sncg_3,-0.04795605617823789,0.30881561752839376,0.04498116189967638,219
Sncg_4,-0.10246817022069711,0.23673755741418204,-0.11559477237586598,292
Sncg_5,-0.2573807889936765,0.19504326026975638,-0.32025661183054355,251
Sncg_6,-0.1067209035536568,0.2696929848880354,-0.08971624259511338,283
Sncg_7,0.025715550538736594,0.3373987149211833,0.14769100494335966,314
Sncg_8,0.3955817401826574,0.20319552219166073,0.4649222961659438,139
Sst Chodl_1,0.6606564807458446,0.3667230473802391,0.7546992699309794,320
Sst_1,-0.22107440329907316,0.1974037936759606,-0.225514083557695,261
Sst_10,-0.07773833359139601,0.21780066858188946,-0.027111971357300004,280
Sst_11,-0.280503562813008,0.21886597638555452,-0.278315340988071,284
Sst_12,-0.37259831657092746,0.18791790358526586,-0.4009162332152879,236
Sst_13,-0.0016365243741316394,0.30267340164804696,0.011805629962317613,265
Sst_14,-0.18280302866045767,0.2350856815526581,-0.05068866013054441,11
Sst_15,-0.028342748383039476,0.24838084278566472,-0.0021882900649614727,77
Sst_16,-0.38306867205706036,0.20694889546133147,-0.35315317546272984,260
Sst_17,0.04664126509055126,0.2236017314273252,0.0574073467655636,337
Sst_18,0.10377226551167783,0.28556358018342076,0.17763155191239435,214
Sst_19,0.5650733394479308,0.30280502725888747,0.6384627744802059,295
Sst_2,0.26597238935471823,0.31893112748052516,0.406792791136918,264
Sst_21,-0.06030524464706652,0.20569071581161333,-0.04402864753248951,299
Sst_22,-0.07303625529869127,0.32492852415641094,-0.008916414629830501,296
Sst_23,0.13974358088129057,0.2531084582725661,0.19790092538890564,200
Sst_24,-0.2817969193862832,0.1678697791044599,-0.27061581660403033,342
Sst_25,-0.049442845270793734,0.26794814009194323,-0.05972393746702029,129
Sst_26,-0.18597194604460968,0.22516138726233953,-0.14635445508789413,306
Sst_27,-0.5364875637298575,0.10018171091353024,-0.5465145063396346,316
Sst_28,0.15120528952383272,0.33537758902758946,0.2636885282844237,274
Sst_29,-0.24313738773804436,0.209738942230562,-0.25160266003544957,251
Sst_3,0.39074810355452677,0.15042868838627427,0.4339367516606177,7
Sst_30,-0.18848732405708096,0.15328739412210407,-0.20868085129748393,319
Sst_31,-0.06473300709659165,0.22164295443334744,-0.040081704848977044,206
Sst_32,-0.04408762669430359,0.25672309457096654,-0.02699938176089897,176
Sst_33,0.1939352541876714,0.22513966028619947,0.25174914171094187,249
Sst_35,-0.27186754142631875,0.21888806615060197,-0.25150682645095207,288
Sst_36,0.4763279383310592,0.23970933905943112,0.5884851096973176,316
Sst_37,-0.18436479313804063,0.27434344511260855,-0.05378890871283912,360
Sst_4,-0.22833973514310613,0.19509334944880025,-0.17462560128471963,394
Sst_5,0.18928597632440328,0.23102560533840266,0.2606818316489617,260
Sst_6,0.3221787515939728,0.13640120878153647,0.36777600571391506,7
Sst_7,-0.05498639053787785,0.3765168068636763,0.07874759218595745,238
Sst_8,-0.04424263284872726,0.32516846544190453,0.0018642067137223817,184
Sst_9,-0.12802539341978472,0.3114700030027218,-0.03136445292829491,244
VLMC_1,0.43382918025538847,0.34388143439816427,0.6199996278359887,87
VLMC_2,0.47947705649336825,0.28708361329992693,0.575835149189298,222
Vip_1,-0.20128680826301482,0.2613757951855256,-0.19168417520909053,201
Vip_10,0.07845780521455487,0.32929105590963753,0.1842108012244719,265
Vip_11,-0.07151871275150681,0.3003749517701521,0.001531583003169437,242
Vip_12,0.6239236996623754,0.21717877050543508,0.6897538110523792,192
Vip_13,-0.32505447537620386,0.17174742557479825,-0.34396216375469446,251
Vip_14,-0.13619217104871578,0.3654914773087964,0.010410119269122239,292
Vip_15,0.40099546166263295,0.29559470583101266,0.532258344313387,295
Vip_16,-0.6583726731694046,0.1294869256550209,-0.6623873078915782,307
Vip_17,-0.273401350511527,0.19537847631981775,-0.28816972189274964,301
Vip_18,-0.46659244843717285,0.16829443933221372,-0.4291670855624466,285
Vip_19,0.23609882933894216,0.2863415505832587,0.3514928052993959,239
Vip_2,-0.09255555611896782,0.2834615134519063,-0.12284907244870882,236
Vip_20,0.11234891180619108,0.27627719413420676,0.18214901197190314,236
Vip_21,0.3847670508966253,0.222940183270779,0.45114156262147037,261
Vip_22,-0.46350091197257404,0.15795173012842328,-0.4020655971359041,11
Vip_23,0.3749339819039836,0.2540147123545973,0.45423445321733563,223
Vip_24,-0.2687047654166456,0.25280019690125105,-0.25357903488652916,201
Vip_25,0.02157236860134509,0.32525410414381123,0.10431593021808212,249
Vip_26,0.06479151612694449,0.27410017058100644,0.147630319686088,282
Vip_27,0.2825787609943604,0.2603200323169208,0.36076322050100745,257
Vip_28,-0.2189268227421166,0.2495863652948744,-0.30308539566089665,175
Vip_29,-0.5726601787590547,0.1858472497914899,-0.507646545765046,46
Vip_3,-0.11454270938677014,0.3034637915875145,-0.11972953347601151,270
Vip_4,0.14807974345409136,0.31145690934374015,0.26805911075032496,265
Vip_5,-0.25148593090412985,0.1825855120008938,-0.2770913270940397,242
Vip_6,-0.49786040338539694,0.15997604196525417,-0.4660111784451753,311
Vip_7,0.17131456169143047,0.3052338512154297,0.26560936412292724,261
Vip_8,0.01745031182842126,0.402269569896784,0.1618245511961977,327
Vip_9,-0.33020691250191936,0.14911313136244322,-0.30441221998516893,200
